City_ID,City,Country,Lat,Lng,Max Temp,Humidity,Cloudiness,Wind Speed,Current Description
0,Barrow,US,71.2906,-156.7887,28.42,69,40,19.57,scattered clouds
1,Qaanaaq,GL,77.484,-69.3632,21.49,95,99,6.78,light snow
2,Goundi,TD,9.3627,17.366,84.07,67,95,2.48,overcast clouds
3,Puerto Ayora,EC,-0.7393,-90.3518,73.36,90,94,7.0,overcast clouds
4,Nanning,CN,22.8167,108.3167,64.85,41,95,4.5,overcast clouds
5,Bemidji,US,47.4736,-94.8803,36.05,100,100,0.0,overcast clouds
6,Awbari,LY,26.5921,12.7805,88.86,16,26,7.07,scattered clouds
7,Kropotkin,RU,45.4375,40.5756,57.04,44,82,7.92,broken clouds
8,Ushuaia,AR,-54.8,-68.3,49.66,62,75,12.66,broken clouds
9,Bathsheba,BB,13.2167,-59.5167,88.41,70,20,12.66,few clouds
10,Bredasdorp,ZA,-34.5322,20.0403,58.24,80,100,12.17,overcast clouds
11,Punta Arenas,CL,-53.15,-70.9167,50.11,66,40,33.38,scattered clouds
12,Sibolga,ID,1.7427,98.7792,76.24,88,100,2.44,overcast clouds
13,Bethel,US,41.3712,-73.414,59.52,72,100,6.91,overcast clouds
14,Busselton,AU,-33.65,115.3333,49.82,92,21,6.78,few clouds
15,Liberal,US,37.0431,-100.921,69.04,34,0,18.41,clear sky
16,Vaini,TO,-21.2,-175.2,75.36,94,20,13.8,few clouds
17,Arraial Do Cabo,BR,-22.9661,-42.0278,80.46,69,0,24.16,clear sky
18,Hambantota,LK,6.1241,81.1185,77.34,100,75,8.05,shower rain
19,Sikonge,TZ,-5.6333,32.7667,81.07,17,12,4.38,few clouds
20,Nikolskoye,RU,59.7035,30.7861,49.91,87,100,8.05,overcast clouds
21,East London,ZA,-33.0153,27.9116,65.34,94,20,6.91,light intensity drizzle
22,Kapaa,US,22.0752,-159.319,76.98,92,100,4.61,overcast clouds
23,Butaritari,KI,3.0707,172.7902,80.6,79,100,12.53,light rain
24,Usinsk,RU,65.9939,57.5281,36.09,85,90,5.64,overcast clouds
25,Rikitea,PF,-23.1203,-134.9692,70.36,78,80,2.15,broken clouds
26,San Rafael,AR,-34.6177,-68.3301,63.82,12,0,6.4,clear sky
27,Zhigansk,RU,66.7697,123.3711,15.87,97,83,7.94,broken clouds
28,Waddan,LY,29.1614,16.139,85.24,35,93,15.9,overcast clouds
29,Burgos,ES,42.3394,-3.7079,75.61,33,0,10.36,clear sky
30,Lorengau,PG,-2.0226,147.2712,81.21,74,60,8.86,broken clouds
31,Port Alfred,ZA,-33.5906,26.891,64.18,95,100,1.01,light rain
32,San Jose,US,37.3394,-121.895,60.82,91,100,4.61,mist
33,Cayenne,GF,4.9333,-52.3333,89.64,62,20,12.66,few clouds
34,Ilulissat,GL,69.2167,-51.1,23.02,58,75,16.11,broken clouds
35,Mataura,NZ,-46.1927,168.8643,39.6,98,3,2.17,clear sky
36,Leningradskiy,RU,69.3833,178.4167,13.24,76,61,6.24,broken clouds
37,Necochea,AR,-38.5473,-58.7368,57.29,38,96,8.7,overcast clouds
38,Yellowknife,CA,62.456,-114.3525,36.12,75,100,21.85,overcast clouds
39,Balikpapan,ID,-1.2675,116.8289,79.79,89,40,0.0,scattered clouds
40,Dimona,IL,31.0667,35.0333,69.55,58,0,16.46,clear sky
41,Lebu,CL,-37.6167,-73.65,55.36,74,14,17.78,few clouds
42,Bontang,ID,0.1333,117.5,78.91,86,100,6.96,overcast clouds
43,Provideniya,RU,64.3833,-173.3,23.95,77,79,8.23,broken clouds
44,Bambous Virieux,MU,-20.3428,57.7575,72.21,73,40,11.5,light rain
45,Namibe,AO,-15.1961,12.1522,70.23,79,36,10.36,scattered clouds
46,Chicama,PE,-7.8447,-79.1469,59.54,57,7,8.79,clear sky
47,Albany,US,42.6001,-73.9662,58.64,80,22,6.26,few clouds
48,Trairi,BR,-3.2778,-39.2689,87.37,53,11,17.69,few clouds
49,Dunedin,NZ,-45.8742,170.5036,46.8,83,51,4.0,broken clouds
50,Atuona,PF,-9.8,-139.0333,75.74,82,13,17.34,light rain
51,Vestmannaeyjar,IS,63.4427,-20.2734,45.59,61,20,6.91,few clouds
52,Rubiataba,BR,-15.1644,-49.8033,97.88,14,98,6.08,overcast clouds
53,Amuntai,ID,-2.4177,115.2494,74.71,96,72,0.67,broken clouds
54,Jamestown,US,42.097,-79.2353,54.01,52,20,9.22,few clouds
55,Pevek,RU,69.7008,170.3133,13.87,88,93,9.26,overcast clouds
56,Norman Wells,CA,65.282,-126.8329,19.44,86,20,10.36,few clouds
57,Rocha,UY,-34.4833,-54.3333,58.17,43,10,11.74,clear sky
58,Novorudnyy,RU,51.5026,58.1873,47.01,67,100,6.69,overcast clouds
59,Cherskiy,RU,68.75,161.3,1.74,98,100,6.29,overcast clouds
60,Kikwit,CD,-5.041,18.8162,84.79,57,68,4.72,broken clouds
61,Nizhniy Kuranakh,RU,58.8353,125.4869,30.78,98,100,2.3,overcast clouds
62,Bekhtery,UA,46.251,32.2927,52.68,46,2,11.21,clear sky
63,Airai,TL,-8.9266,125.4092,61.47,91,61,1.77,broken clouds
64,Labuhan,ID,-6.8844,112.2051,78.69,84,95,7.76,light rain
65,Hobart,AU,-42.8794,147.3294,51.06,79,40,6.91,scattered clouds
66,Taltal,CL,-25.4,-70.4833,61.68,72,20,5.08,few clouds
67,Bluff,NZ,-46.6,168.3333,47.01,88,7,6.04,clear sky
68,Sambava,MG,-14.2667,50.1667,71.51,79,7,11.63,clear sky
69,Rioja,AR,-29.4111,-66.8507,67.86,22,0,5.79,clear sky
70,La Asuncion,VE,11.0333,-63.8628,73.13,100,7,14.97,clear sky
71,Nuuk,GL,64.1835,-51.7216,27.21,68,40,13.8,scattered clouds
72,Fairbanks,US,64.8378,-147.7164,23.81,86,0,4.61,clear sky
73,Patancheru,IN,17.5314,78.265,76.06,92,99,6.29,overcast clouds
74,Esna,EG,25.2934,32.554,89.62,20,12,11.61,few clouds
75,Fortuna,US,40.5982,-124.1573,43.14,51,1,0.72,clear sky
76,Ambon,ID,-3.6954,128.1814,78.94,94,40,6.91,light rain
77,Sitka,US,57.0531,-135.33,42.69,81,20,6.91,few clouds
78,Hermanus,ZA,-34.4187,19.2345,59.81,81,100,16.37,overcast clouds
79,Caravelas,BR,-17.7125,-39.2481,81.61,59,53,9.4,broken clouds
80,Nagpur,IN,21.15,79.1,80.62,89,40,0.0,haze
81,Isla Aguada,MX,18.7833,-91.4667,77.04,78,100,18.19,overcast clouds
82,Bamnet Narong,TH,15.4992,101.6897,70.47,79,100,4.18,overcast clouds
83,Maputo,MZ,-25.9653,32.5892,80.28,69,20,14.97,few clouds
84,Khatanga,RU,71.9667,102.5,25.45,96,100,18.84,light snow
85,Delmas,HT,18.5447,-72.3028,87.33,58,52,1.63,light rain
86,Faanui,PF,-16.4833,-151.75,78.37,73,17,8.14,few clouds
87,Tuatapere,NZ,-46.1333,167.6833,42.13,88,1,5.03,clear sky
88,Port Blair,IN,11.6667,92.75,81.23,76,84,4.09,broken clouds
89,Lagoa,PT,39.05,-27.9833,69.17,88,93,18.32,overcast clouds
90,Richards Bay,ZA,-28.783,32.0377,72.75,80,85,12.3,overcast clouds
91,Cocobeach,GA,1.0002,9.5823,73.56,90,100,5.75,light rain
92,Avarua,CK,-21.2078,-159.775,75.25,94,100,9.22,overcast clouds
93,Kaitangata,NZ,-46.2817,169.8464,41.2,96,17,4.32,few clouds
94,Bereda,ES,43.2686,-7.5406,72.41,67,0,6.85,clear sky
95,Muros,ES,42.7762,-9.0603,67.08,90,48,7.78,scattered clouds
96,Cap-Aux-Meules,CA,47.3821,-61.8597,55.45,82,75,8.05,broken clouds
97,Sedan,FR,49.6667,5.0,55.72,97,100,7.34,overcast clouds
98,Hamilton,US,39.1834,-84.5333,61.2,38,0,5.99,clear sky
99,Hithadhoo,MV,-0.6,73.0833,81.95,72,9,17.18,clear sky
100,Kahului,US,20.8947,-156.47,77.85,78,0,4.61,clear sky
101,Mezen,RU,65.8522,44.24,38.75,97,100,6.89,overcast clouds
102,Mahebourg,MU,-20.4081,57.7,72.25,73,40,11.5,scattered clouds
103,Izhma,RU,65.0083,53.9113,37.02,83,100,3.44,overcast clouds
104,Sumenep,ID,-7.0167,113.8667,81.5,77,94,5.39,overcast clouds
105,Tuktoyaktuk,CA,69.4541,-133.0374,24.8,86,75,19.57,broken clouds
106,Natal,BR,-5.795,-35.2094,88.45,54,20,19.57,few clouds
107,Sri Aman,MY,1.2376,111.4621,73.45,100,100,3.44,moderate rain
108,Yumen,CN,40.2833,97.2,51.17,23,100,16.46,overcast clouds
109,Tasiilaq,GL,65.6145,-37.6368,32.16,65,0,9.69,clear sky
110,Torbay,CA,47.6666,-52.7314,62.89,73,40,4.61,scattered clouds
111,Thompson,CA,55.7435,-97.8558,33.96,100,100,8.05,light rain
112,La Rioja,ES,42.25,-2.5,73.18,41,0,4.36,clear sky
113,Cape Town,ZA,-33.9258,18.4232,66.61,76,20,26.46,few clouds
114,Husavik,IS,66.0449,-17.3389,37.15,87,100,15.84,overcast clouds
115,Sakaiminato,JP,35.55,133.2333,64.38,77,20,2.3,few clouds
116,Concepcion Del Oro,MX,24.6333,-101.4167,63.99,58,1,5.77,clear sky
117,Upernavik,GL,72.7868,-56.1549,26.31,82,100,25.12,overcast clouds
118,Lensk,RU,60.7253,114.9278,31.01,96,99,3.47,overcast clouds
119,Coron,PH,11.9986,120.2043,78.44,89,96,4.36,overcast clouds
120,Half Moon Bay,US,37.4636,-122.4286,58.78,94,100,5.75,mist
121,Tura,IN,25.5198,90.2201,71.91,92,4,2.37,clear sky
122,Excelsior Springs,US,39.3392,-94.2261,63.5,36,0,8.05,clear sky
123,Hebi,CN,35.8992,114.1925,62.33,44,99,2.19,overcast clouds
124,Sao Luiz Gonzaga,BR,-28.4083,-54.9608,70.47,60,24,15.46,few clouds
125,Aklavik,CA,68.2191,-135.0107,19.4,86,40,4.61,scattered clouds
126,Quatre Cocos,MU,-20.2078,57.7625,72.09,75,18,15.3,light rain
127,Kodiak,US,57.79,-152.4072,45.91,76,75,13.8,broken clouds
128,Miri,MY,4.4148,114.0089,78.94,89,20,2.3,few clouds
129,Nan,TH,18.8333,100.6667,70.56,96,77,0.45,broken clouds
130,Port-Gentil,GA,-0.7193,8.7815,76.96,94,75,13.8,light rain
131,Kalmunai,LK,7.4167,81.8167,77.27,90,96,7.09,overcast clouds
132,Isangel,VU,-19.55,169.2667,69.91,72,27,8.39,scattered clouds
133,Te Anau,NZ,-45.4167,167.7167,39.0,88,5,1.23,clear sky
134,Kieta,PG,-6.2167,155.6333,79.68,80,97,2.04,overcast clouds
135,Mount Isa,AU,-20.7333,139.5,71.37,46,27,8.05,light rain
136,Bijar,IR,35.8668,47.6051,60.66,25,31,8.23,scattered clouds
137,Port Hardy,CA,50.6996,-127.4199,48.38,100,75,2.3,fog
138,Smithers,CA,54.7804,-127.1743,43.12,100,75,3.44,fog
139,Kurchum,KZ,48.5722,83.6542,49.51,35,71,0.83,broken clouds
140,Boguchany,RU,58.3814,97.4531,33.06,85,99,3.2,overcast clouds
141,Vrangel,RU,42.7297,133.0839,55.47,90,100,4.92,overcast clouds
142,Castro,BR,-24.7911,-50.0119,58.57,98,100,5.44,overcast clouds
143,Asyut,EG,27.181,31.1837,84.38,31,3,10.25,clear sky
144,Rawson,AR,-43.3002,-65.1023,63.07,34,0,7.87,clear sky
145,Kalmar,SE,56.6616,16.3616,58.14,88,20,8.05,few clouds
146,Tucuman,AR,-26.8241,-65.2226,66.2,27,8,5.75,clear sky
147,Almaznyy,RU,48.0448,40.045,46.31,51,54,6.51,broken clouds
148,Mae Hong Son,TH,19.3003,97.9685,72.39,98,91,1.97,overcast clouds
149,Ribeira Grande,PT,38.5167,-28.7,73.8,83,40,10.0,scattered clouds
150,Qeshm,IR,26.9581,56.2719,89.47,59,0,7.0,clear sky
151,Carnarvon,AU,-24.8667,113.6333,66.22,64,0,16.62,clear sky
152,Amalapuram,IN,16.5833,82.0167,74.26,95,100,3.0,light rain
153,Perry,US,37.2506,-83.1999,57.92,28,0,11.39,clear sky
154,Shaunavon,CA,49.6501,-108.4181,49.78,45,73,12.12,broken clouds
155,Lompoc,US,34.6391,-120.4579,61.79,95,100,3.44,light intensity drizzle
156,Loding,NO,67.3,14.75,45.32,67,0,21.85,clear sky
157,Georgetown,MY,5.4112,100.3354,78.89,91,40,1.14,light rain
158,Rio Gallegos,AR,-51.6226,-69.2181,59.05,33,75,23.02,broken clouds
159,Hilo,US,19.7297,-155.09,82.27,78,0,4.61,clear sky
160,Havoysund,NO,70.9963,24.6622,41.23,79,99,11.14,overcast clouds
161,Sao Gabriel Da Cachoeira,BR,-0.1303,-67.0892,76.8,100,75,2.3,heavy intensity rain
162,Tiksi,RU,71.6872,128.8694,15.15,93,96,8.34,overcast clouds
163,Saint-Philippe,RE,-21.3585,55.7679,72.99,73,34,12.1,scattered clouds
164,Inhambane,MZ,-23.865,35.3833,78.78,61,0,9.22,clear sky
165,Katsuura,JP,35.1333,140.3,70.48,87,97,13.29,overcast clouds
166,New Norfolk,AU,-42.7826,147.0587,51.3,64,62,4.0,broken clouds
167,Havre-Saint-Pierre,CA,50.2334,-63.5986,48.56,100,100,13.8,mist
168,Geraldton,AU,-28.7667,114.6,54.01,71,83,8.05,broken clouds
169,Mega,ET,4.05,38.3,64.99,61,82,13.89,broken clouds
170,Westport,US,41.1415,-73.3579,61.07,88,100,8.05,overcast clouds
171,Moron,AR,-34.6534,-58.6198,64.29,50,66,11.1,broken clouds
172,George,ZA,-33.963,22.4617,58.55,100,100,10.36,light rain
173,Chuy,UY,-33.6971,-53.4616,59.16,44,13,11.81,few clouds
174,Urengoy,RU,65.9667,78.3667,37.22,79,100,14.65,overcast clouds
175,Vostok,RU,46.4856,135.8833,44.6,84,100,2.8,overcast clouds
176,Chokurdakh,RU,70.6333,147.9167,11.93,91,100,6.96,overcast clouds
177,Navahrudak,BY,53.6,25.8333,45.41,80,70,7.34,broken clouds
178,Boa Vista,BR,2.8197,-60.6733,85.98,66,40,5.75,scattered clouds
179,Manokwari,ID,-0.8667,134.0833,79.21,83,100,3.13,overcast clouds
180,Kindu,CD,-2.95,25.95,80.4,61,65,3.02,broken clouds
181,Udachnyy,RU,66.4167,112.4,3.76,100,95,3.58,overcast clouds
182,Zhanakorgan,KZ,43.9098,67.2495,60.22,25,93,10.22,overcast clouds
183,Nizwa,OM,22.9333,57.5333,81.72,16,0,2.53,clear sky
184,Ca Mau,VN,9.1769,105.15,75.47,90,100,4.47,overcast clouds
185,Kununurra,AU,-15.7667,128.7333,78.78,65,31,6.91,scattered clouds
186,Nyurba,RU,63.2842,118.3319,24.91,95,94,5.99,overcast clouds
187,Bowen,AU,-20.0167,148.2333,73.36,87,16,9.01,few clouds
188,Boueni,YT,-12.9025,45.0761,76.98,69,6,6.22,clear sky
189,Klaksvik,FO,62.2266,-6.589,45.52,91,100,33.33,moderate rain
190,Padang,ID,-0.9492,100.3543,76.95,86,86,2.42,moderate rain
191,Luderitz,NA,-26.6481,15.1594,69.58,53,99,26.31,overcast clouds
192,Clyde River,CA,70.4692,-68.5914,28.63,74,75,6.91,broken clouds
193,Proletariy,RU,58.4342,31.7046,43.88,88,100,6.58,overcast clouds
194,Mehamn,NO,71.0357,27.8492,35.55,93,0,3.44,clear sky
195,Calbuco,CL,-41.768,-73.1273,52.81,81,85,7.16,overcast clouds
196,Kokopo,PG,-4.352,152.2633,77.0,82,98,2.06,overcast clouds
197,Verkhnevilyuysk,RU,63.4453,120.3167,25.02,95,97,5.82,overcast clouds
198,Cidreira,BR,-30.1811,-50.2056,63.0,70,100,15.23,overcast clouds
199,Talnakh,RU,69.4865,88.3972,33.21,99,100,9.4,snow
200,Longyearbyen,SJ,78.2186,15.6401,24.64,68,75,10.36,broken clouds
201,Saint George,US,37.1041,-113.5841,61.39,27,0,8.05,clear sky
202,Opuwo,NA,-18.0607,13.84,93.76,14,88,9.71,overcast clouds
203,Laem Sing,TH,12.4816,102.0738,76.05,100,100,9.82,overcast clouds
204,Nhulunbuy,AU,-12.2333,136.7667,77.61,88,99,0.0,overcast clouds
205,Ylivieska,FI,64.0833,24.55,49.32,93,100,5.73,overcast clouds
206,Andijon,UZ,40.7821,72.3442,60.08,15,100,4.0,overcast clouds
207,Lavrentiya,RU,65.5833,-171.0,24.89,75,22,4.05,few clouds
208,Lumeje,AO,-11.55,20.7833,91.42,12,25,4.97,scattered clouds
209,Mocuba,MZ,-16.8392,36.9856,83.84,42,1,10.58,clear sky
210,Requena,ES,39.4883,-1.1004,79.79,29,8,8.86,clear sky
211,Saquena,PE,-4.6667,-73.5167,81.27,91,92,2.93,overcast clouds
212,Lafia,NG,8.4833,8.5167,83.93,78,56,4.79,broken clouds
213,Bilibino,RU,68.0546,166.4372,-11.85,97,16,2.73,few clouds
214,Kaili,ID,-3.4626,120.2147,66.69,87,96,3.24,overcast clouds
215,Dogondoutchi,NE,13.6393,4.0287,98.62,22,39,3.94,scattered clouds
216,Bataipora,BR,-22.2953,-53.2711,79.65,67,76,3.51,light rain
217,Mangaldai,IN,26.4333,92.0333,75.74,89,2,1.68,clear sky
218,Beringovskiy,RU,63.05,179.3167,28.54,69,97,1.59,overcast clouds
219,Ternate,ID,0.8,127.4,82.72,78,96,7.09,overcast clouds
220,Tooele,US,40.5308,-112.2983,58.19,33,0,9.22,clear sky
221,Jumla,NP,29.2747,82.1838,48.87,86,11,3.42,few clouds
222,Gouyave,GD,12.1646,-61.7296,86.77,70,20,20.71,few clouds
223,Takoradi,GH,4.8845,-1.7554,79.59,81,100,12.64,light rain
224,Hovd,MN,48.0056,91.6419,31.48,47,7,0.81,clear sky
225,Sola,VU,-13.8833,167.55,79.3,76,91,11.74,overcast clouds
226,Dzaoudzi,YT,-12.7887,45.2699,76.89,73,0,9.22,clear sky
227,Aksu,CN,41.1231,80.2644,58.6,24,3,1.74,clear sky
228,Dengzhou,CN,37.8086,120.7508,60.08,72,92,3.53,overcast clouds
229,San Quintin,MX,30.4833,-115.95,66.38,75,100,6.08,overcast clouds
230,Hailar,CN,49.2,119.7,36.21,45,0,14.97,clear sky
231,Batagay-Alyta,RU,67.8006,130.4114,6.93,92,58,4.59,broken clouds
232,Ahipara,NZ,-35.1667,173.1667,52.5,85,34,8.86,scattered clouds
233,Severo-Kurilsk,RU,50.6789,156.125,46.89,80,73,10.2,broken clouds
234,Port Elizabeth,ZA,-33.918,25.5701,68.09,97,100,5.75,overcast clouds
235,Corlu,TR,41.1592,27.8,60.78,82,75,13.8,broken clouds
236,Prince Rupert,CA,54.3161,-130.3201,55.49,94,100,14.97,overcast clouds
237,Vizinga,RU,61.0749,50.1031,41.94,83,100,5.21,overcast clouds
238,Pisco,PE,-13.7,-76.2167,64.02,77,0,10.36,clear sky
239,Svetlaya,RU,46.5389,138.3297,51.03,76,100,3.44,light rain
240,Mar Del Plata,AR,-38.0023,-57.5575,54.95,57,0,10.36,clear sky
241,Ponta Do Sol,PT,32.6667,-17.1,75.83,61,46,2.84,scattered clouds
242,Porto Uniao,BR,-26.2381,-51.0783,66.4,80,100,3.71,light rain
243,Ilebo,CD,-4.3167,20.5833,86.11,52,82,2.91,broken clouds
244,Flinders,AU,-34.5833,150.8552,57.38,72,0,9.33,clear sky
245,Constitucion,CL,-35.3333,-72.4167,60.91,56,0,15.64,clear sky
246,Marana,US,32.4367,-111.2254,83.05,38,0,8.05,clear sky
247,Gornopravdinsk,RU,60.05,69.9,43.41,67,100,10.2,overcast clouds
248,Dikson,RU,73.5069,80.5464,33.1,98,100,27.76,snow
249,Saskylakh,RU,71.9167,114.0833,15.82,87,100,9.95,overcast clouds
250,Matara,LK,5.9485,80.5353,76.82,91,99,7.92,overcast clouds
251,Bubaque,GW,11.2833,-15.8333,82.72,73,68,10.09,broken clouds
252,Olafsvik,IS,64.8945,-23.7142,40.14,78,91,33.44,overcast clouds
253,Chunoyar,RU,57.4467,97.3217,30.63,91,77,2.68,broken clouds
254,Bani,DO,18.2833,-70.3333,87.85,63,37,9.37,scattered clouds
255,Halifax,CA,44.6453,-63.5724,64.35,91,100,18.41,overcast clouds
256,Kavieng,PG,-2.5744,150.7967,81.46,74,13,11.01,few clouds
257,Broken Hill,AU,-31.95,141.4333,55.24,58,1,6.91,clear sky
258,Bayan,CN,46.0833,127.4,47.61,91,1,5.79,clear sky
259,Eyl,SO,7.9803,49.8164,78.94,77,76,17.6,broken clouds
260,Anloga,GH,5.7947,0.8973,80.49,76,87,11.72,overcast clouds
261,Lahat,ID,-3.8,103.5333,73.69,96,100,2.39,moderate rain
262,Bay Roberts,CA,47.5999,-53.2648,63.66,72,87,1.99,overcast clouds
263,Vangaindrano,MG,-23.35,47.6,69.78,82,47,8.03,scattered clouds
264,Sabha,LY,27.0377,14.4283,88.9,17,8,7.18,clear sky
265,Esperance,AU,-33.8667,121.9,52.0,86,14,8.41,few clouds
266,Senador Jose Porfirio,BR,-2.5908,-51.9542,91.83,51,91,2.13,overcast clouds
267,Dicabisagan,PH,17.0818,122.4157,78.17,89,100,5.95,overcast clouds
268,Ridgecrest,US,35.6225,-117.6709,75.65,20,0,4.0,clear sky
269,College,US,64.8569,-147.8028,23.79,84,20,4.61,few clouds
270,Pokhara,NP,28.2333,83.9833,65.5,83,31,3.71,scattered clouds
271,Korla,CN,41.7597,86.1469,55.36,29,2,2.59,clear sky
272,Garowe,SO,8.4054,48.4845,85.01,42,72,14.5,broken clouds
273,Blagoyevo,RU,63.3667,47.9167,34.86,90,71,4.05,broken clouds
274,Lyuban,BY,52.7985,28.0048,46.78,76,21,6.93,few clouds
275,Freeport,US,40.6576,-73.5832,63.28,76,100,11.5,overcast clouds
276,Ornskoldsvik,SE,63.2909,18.7153,47.35,100,100,4.61,drizzle
277,Alta Floresta,BR,-9.8756,-56.0861,91.22,55,0,2.3,clear sky
278,Riyadh,SA,24.6877,46.7219,89.74,15,0,6.87,clear sky
279,Monrovia,LR,6.3005,-10.7969,76.77,76,100,9.71,overcast clouds
280,Agua Branca,BR,-5.8922,-42.6361,102.63,20,50,5.86,scattered clouds
281,Guerrero Negro,MX,27.9769,-114.0611,68.34,74,98,11.45,overcast clouds
282,Zheleznodorozhnyy,RU,55.7503,38.0042,44.37,65,41,2.84,scattered clouds
283,Nacala,MZ,-14.5428,40.6728,74.71,73,0,7.0,clear sky
284,Pangnirtung,CA,66.1451,-65.7125,28.4,64,100,0.0,overcast clouds
285,Coquimbo,CL,-29.9533,-71.3436,58.73,77,40,13.8,scattered clouds
286,Baoma,CN,31.4859,106.1128,60.26,78,100,0.76,overcast clouds
287,Santa Isabel Do Rio Negro,BR,-0.4139,-65.0192,94.35,43,41,4.83,scattered clouds
288,Fergus Falls,US,46.283,-96.0776,36.66,94,100,18.41,overcast clouds
289,Kavaratti,IN,10.5669,72.642,82.49,68,57,5.73,broken clouds
290,Recea,RO,47.6333,23.5167,61.79,77,0,1.14,clear sky
291,Santa Fe,AR,-31.6333,-60.7,72.5,20,84,12.17,broken clouds
292,Lublin,PL,51.0,23.0,51.39,70,79,6.22,broken clouds
293,Sirjan,IR,29.452,55.6814,69.89,18,3,1.77,clear sky
294,Iqaluit,CA,63.7506,-68.5145,29.93,80,75,6.91,broken clouds
295,Asifabad,IN,19.3667,79.2833,74.93,92,33,5.37,scattered clouds
296,Wukari,NG,7.85,9.7833,82.58,75,72,3.49,light rain
297,Yar-Sale,RU,66.8333,70.8333,41.41,90,100,9.55,overcast clouds
298,Oranjemund,NA,-28.55,16.4333,61.75,73,57,19.84,broken clouds
299,Angoche,MZ,-16.2325,39.9086,76.91,71,0,15.73,clear sky
300,Paragould,US,36.0584,-90.4973,72.09,35,0,1.99,clear sky
301,Palmer,US,42.1584,-72.3287,61.5,81,100,8.05,overcast clouds
302,Acapulco,MX,16.8634,-99.8901,82.18,80,37,2.66,light rain
303,Pavlodar,KZ,52.3,76.95,42.6,56,0,8.95,clear sky
304,Mbengwi,CM,6.0167,10.0,66.18,93,100,0.83,light rain
305,Toktogul,KG,41.8708,72.9402,62.85,28,100,0.78,overcast clouds
306,Kryvyy Rih,UA,47.9167,33.35,48.9,44,3,7.67,clear sky
307,Vardo,NO,70.3705,31.1107,39.18,93,75,1.14,broken clouds
308,Kruisfontein,ZA,-34.0033,24.7314,65.88,78,70,7.47,broken clouds
309,Keokuk,US,40.3973,-91.3849,54.27,43,0,12.66,clear sky
310,Savannakhet,LA,16.566,104.751,65.64,89,100,4.81,moderate rain
311,Rawa Mazowiecka,PL,51.7644,20.2549,58.55,67,40,3.87,scattered clouds
312,Karasjok,NO,69.4719,25.5112,37.74,96,99,1.86,overcast clouds
313,Balgazyn,RU,51.0,95.2,27.36,49,4,3.51,clear sky
314,Souillac,MU,-20.5167,57.5167,71.98,73,40,11.5,scattered clouds
315,Ust-Kuyga,RU,70.0167,135.6,9.43,96,98,6.4,overcast clouds
316,Beitbridge,ZW,-22.2167,30.0,94.03,16,78,12.53,broken clouds
317,Maracai,BR,-22.6106,-50.6672,76.37,66,99,9.24,overcast clouds
318,Monywa,MM,22.1167,95.1333,81.54,77,13,2.42,few clouds
319,Zyryanka,RU,65.75,150.85,10.6,95,100,0.81,overcast clouds
320,San Patricio,US,28.017,-97.5169,84.9,55,1,9.98,clear sky
321,Vammala,FI,61.3333,22.9,50.7,91,96,6.35,overcast clouds
322,Hobyo,SO,5.3505,48.5268,78.12,82,10,19.62,clear sky
323,Iturama,BR,-19.7281,-50.1956,95.05,18,41,4.41,scattered clouds
324,Fort Nelson,CA,58.8053,-122.7002,40.59,65,75,14.97,broken clouds
325,Athens,GR,37.9795,23.7162,64.17,79,75,8.01,broken clouds
326,Manturovo,RU,58.3353,44.7619,37.17,82,11,4.79,few clouds
327,Yantal,RU,56.8471,105.2542,29.77,96,99,4.27,overcast clouds
328,Morondava,MG,-20.2833,44.2833,77.74,76,45,13.38,scattered clouds
329,Vaitape,PF,-16.5167,-151.75,78.4,73,17,8.03,few clouds
330,Puerto Del Rosario,ES,28.5004,-13.8627,76.75,78,20,14.97,few clouds
331,Oistins,BB,13.0667,-59.5333,87.89,70,20,12.66,few clouds
332,Xochistlahuaca,MX,16.7833,-98.25,83.73,72,47,1.23,scattered clouds
333,Ekhabi,RU,53.5102,142.9671,36.86,87,17,2.98,few clouds
334,Tonekabon,IR,36.8163,50.8738,71.55,84,65,1.05,broken clouds
335,Puerto Escondido,MX,15.85,-97.0667,84.65,67,17,3.71,few clouds
336,Xining,CN,36.6167,101.7667,45.25,50,100,2.24,overcast clouds
337,Sechura,PE,-5.5569,-80.8222,73.17,55,21,9.06,few clouds
338,Kalevala,RU,65.2,31.1667,46.42,93,100,9.42,overcast clouds
339,Hegang,CN,47.4,130.3667,46.18,64,89,1.86,overcast clouds
340,Hay River,CA,60.8156,-115.7999,35.58,75,100,20.71,overcast clouds
341,North Platte,US,41.1239,-100.7654,61.07,40,0,15.01,clear sky
342,Berlevag,NO,70.8578,29.0864,37.2,86,55,6.91,broken clouds
343,Rajpipla,IN,21.8667,73.5,74.08,57,72,5.82,broken clouds
344,Uspenka,UA,48.3903,39.1619,47.23,58,37,6.91,scattered clouds
345,Churapcha,RU,62.0025,132.4325,24.28,98,99,1.61,overcast clouds
346,Kadoma,JP,34.7333,135.5833,67.98,68,2,5.75,clear sky
347,Taonan,CN,45.3333,122.7833,50.68,50,0,8.08,clear sky
348,Novodolinskiy,KZ,49.705,72.7047,37.98,33,73,5.44,broken clouds
349,Daru,PG,-9.0763,143.2092,79.66,86,62,13.42,broken clouds
350,Royan,FR,45.6285,-1.0281,65.86,90,100,16.69,overcast clouds
351,Tual,ID,-5.6667,132.75,82.71,78,94,9.82,overcast clouds
352,Kapit,MY,2.0167,112.9333,72.66,99,99,1.52,overcast clouds
353,Samarai,PG,-10.6167,150.6667,81.01,84,77,8.43,broken clouds
354,Buraydah,SA,26.326,43.975,88.25,15,2,5.14,clear sky
355,Dingle,PH,10.9995,122.6711,76.32,89,70,4.61,broken clouds
356,Talas,TR,38.6908,35.5538,61.47,42,75,3.44,broken clouds
357,Canazas,PA,8.3167,-81.2167,84.4,81,66,3.89,moderate rain
358,Kimberley,ZA,-28.7323,24.7623,89.29,13,0,11.5,clear sky
359,Ipswich,GB,52.0592,1.1555,61.02,80,100,9.22,overcast clouds
360,Aransas Pass,US,27.9095,-97.15,86.0,82,75,11.5,broken clouds
361,Jensen Beach,US,27.2545,-80.2298,86.07,78,32,8.01,scattered clouds
362,Emba,KZ,48.8264,58.1442,51.42,48,100,5.99,overcast clouds
363,Coahuayana,MX,18.7333,-103.6833,85.17,74,65,1.97,light rain
364,Saldanha,ZA,-33.0117,17.9442,71.65,81,67,28.05,broken clouds
365,Bunia,CD,1.5667,30.25,68.32,77,41,0.78,scattered clouds
366,Egvekinot,RU,66.3167,-179.1667,11.61,74,58,2.71,broken clouds
367,Banjar,ID,-8.19,114.9675,77.74,91,83,5.35,broken clouds
368,Lampitak,PH,6.4322,125.0525,68.54,94,95,2.04,overcast clouds
369,Markova,UA,48.6758,24.4138,47.57,93,34,3.67,scattered clouds
370,Laguna,US,38.421,-121.4238,74.01,96,0,0.0,clear sky
371,Vallenar,CL,-28.5708,-70.7581,80.28,26,0,8.48,clear sky
372,Nome,US,64.5011,-165.4064,26.67,69,0,6.91,clear sky
373,Salalah,OM,17.0151,54.0924,80.69,78,40,6.91,scattered clouds
374,Nanortalik,GL,60.1432,-45.2371,35.17,68,2,5.28,clear sky
375,Plettenberg Bay,ZA,-34.0527,23.3716,62.94,83,75,7.99,light rain
376,Popondetta,PG,-8.7537,148.2534,72.97,96,58,2.82,broken clouds
377,Codrington,AU,-38.2667,141.9667,47.44,94,40,9.64,scattered clouds
378,Obanazawa,JP,38.6033,140.4019,58.03,95,99,3.02,overcast clouds
379,Gat,IL,31.61,34.7642,75.88,100,1,8.03,clear sky
380,Pyshma,RU,56.9523,63.2513,48.47,73,98,7.27,overcast clouds
381,Manono,CD,-7.3,27.4167,88.3,18,67,3.18,broken clouds
382,Albina,SR,5.5,-54.05,90.46,53,89,5.35,overcast clouds
383,Xudat,AZ,41.631,48.681,62.67,78,100,4.47,overcast clouds
384,Ndjole,GA,-0.1783,10.7649,77.43,94,92,6.73,moderate rain
385,Shenzhen,CN,22.5455,114.0683,80.15,86,11,5.06,few clouds
386,Karratha,AU,-20.7377,116.8463,72.03,45,2,8.86,light rain
387,Kodinsk,RU,58.6881,99.1844,31.62,90,100,3.51,overcast clouds
388,Narsaq,GL,60.9167,-46.05,32.22,61,0,4.61,clear sky
389,Norvenich,DE,50.8,6.65,62.11,85,75,1.14,broken clouds
390,Saint Anthony,US,45.0205,-93.218,37.22,90,100,4.61,overcast clouds
391,Warri,NG,5.5167,5.75,75.0,93,100,6.13,overcast clouds
392,Cupira,BR,-8.6167,-35.95,84.06,43,78,11.59,broken clouds
393,Okhotsk,RU,59.3833,143.3,29.82,59,37,8.77,scattered clouds
394,Walvis Bay,NA,-22.9575,14.5053,61.75,77,0,8.05,clear sky
395,Kloulklubed,PW,7.0419,134.2556,75.7,75,100,15.19,light rain
396,Hasaki,JP,35.7333,140.8333,71.22,78,91,17.2,overcast clouds
397,Umm Lajj,SA,25.0213,37.2685,82.6,63,0,9.98,clear sky
398,Lerwick,GB,60.1545,-1.1494,50.0,69,100,20.36,light rain
399,Hofn,IS,64.2539,-15.2082,44.62,53,20,14.97,few clouds
400,Matagami,CA,49.7502,-77.6328,46.51,87,75,11.5,broken clouds
401,Marzuq,YE,14.4,46.4667,73.26,55,13,7.58,few clouds
402,Linxi,CN,39.7,118.4333,57.99,65,64,3.71,broken clouds
403,Galesong,ID,-5.3166,119.3661,75.22,81,69,5.73,broken clouds
404,Vila Do Maio,CV,15.1333,-23.2167,84.99,77,80,8.86,broken clouds
405,Waipawa,NZ,-41.4122,175.5153,43.81,85,100,4.83,overcast clouds
406,Comodoro Rivadavia,AR,-45.8667,-67.5,62.46,31,0,13.8,clear sky
407,Teguise,ES,29.0605,-13.564,77.22,61,20,14.97,few clouds
408,Bilma,NE,18.6853,12.9164,93.6,8,0,5.66,clear sky
409,Lodja,CD,-3.4833,23.4333,83.07,52,100,5.01,overcast clouds
410,Adrar,MR,20.5022,-10.0711,95.38,15,100,3.18,overcast clouds
411,Yulara,AU,-25.2406,130.9889,62.24,30,12,12.33,few clouds
412,Bulaevo,KZ,54.9056,70.4439,52.36,56,45,5.99,scattered clouds
413,Negombo,LK,7.2083,79.8358,75.25,100,75,3.44,moderate rain
414,Pathein,MM,16.7833,94.7333,76.5,93,18,5.79,moderate rain
415,Great Yarmouth,GB,52.6083,1.7305,60.94,79,93,11.16,overcast clouds
416,Kiama,AU,-34.6833,150.8667,57.99,72,0,7.0,clear sky
417,Takapau,NZ,-40.0333,176.35,43.74,93,100,1.61,overcast clouds
418,Manta,EC,-0.95,-80.7333,74.98,78,75,3.44,broken clouds
419,Kudahuvadhoo,MV,2.6708,72.8944,80.96,77,100,23.96,overcast clouds
420,Komsomolskiy,UZ,40.4272,71.7189,61.52,33,100,4.61,overcast clouds
421,Chojnow,PL,51.2737,15.9366,57.76,73,84,3.09,broken clouds
422,Noyabrsk,RU,63.1994,75.4507,35.71,78,99,15.32,overcast clouds
423,Manaul,PH,12.453,121.4107,80.15,84,69,6.49,broken clouds
424,Aberdeen,GB,57.1437,-2.0981,48.49,91,75,9.22,broken clouds
425,Nicoya,CR,10.1483,-85.452,81.86,80,76,2.91,broken clouds
426,Chibuto,MZ,-24.6867,33.5306,82.22,41,0,10.76,clear sky
427,Beaverlodge,CA,55.2166,-119.4361,56.55,48,52,13.31,broken clouds
428,Marathon,US,44.9,-89.7668,33.33,91,100,10.36,mist
429,Sorland,NO,67.667,12.6934,48.06,62,100,19.57,overcast clouds
430,Porto De Moz,BR,-1.7483,-52.2383,93.97,42,59,3.94,broken clouds
431,Oum Hadjer,TD,13.2954,19.6966,96.33,17,39,3.96,scattered clouds
432,Walkerton,US,41.4667,-86.4831,52.02,49,0,10.36,clear sky
433,San Andres,CO,12.5847,-81.7006,84.22,74,40,10.36,scattered clouds
434,Saint Austell,GB,50.3383,-4.7658,61.02,88,40,9.22,scattered clouds
435,Port-Cartier,CA,50.0334,-66.8654,49.75,96,100,13.47,overcast clouds
436,Bongouanou,CI,6.6486,-4.1992,78.73,93,96,3.51,moderate rain
437,Faya,SA,18.3851,42.4509,69.91,59,5,5.37,clear sky
438,Anadyr,RU,64.75,177.4833,23.5,79,20,2.24,few clouds
439,Nemuro,JP,43.3236,145.575,57.34,74,100,9.82,overcast clouds
440,Pangkalanbuun,ID,-2.6833,111.6167,75.94,92,98,1.1,light rain
441,Belmonte,BR,-15.8631,-38.8828,80.28,66,73,7.61,broken clouds
442,Sao Borja,BR,-28.6606,-56.0044,72.95,55,26,14.99,scattered clouds
443,Hami,CN,42.8,93.45,54.19,35,0,3.98,clear sky
444,Altoona,US,40.5187,-78.3947,60.33,64,0,7.45,clear sky
445,Nata,PA,8.3333,-80.5167,82.27,73,46,7.31,light rain
446,Flagstaff,US,35.1981,-111.6513,62.11,38,0,0.0,clear sky
447,Wajima,JP,37.4,136.9,65.28,80,88,4.14,overcast clouds
448,Otavi,NA,-19.65,17.3333,90.05,15,71,13.04,broken clouds
449,Gigmoto,PH,13.7796,124.39,79.92,86,85,8.77,overcast clouds
450,Palimbang,PH,6.2106,124.1894,78.17,88,100,7.67,overcast clouds
451,Kalabo,ZM,-14.97,22.6814,91.78,10,37,3.8,scattered clouds
452,Salaya,IN,22.3167,69.6,84.22,60,5,12.91,clear sky
453,Nikolsk,RU,53.7189,46.0712,43.16,73,52,6.6,broken clouds
454,Coihaique,CL,-45.5752,-72.0662,53.55,47,20,8.05,few clouds
455,Coimbra,PT,40.2056,-8.4195,79.52,51,0,9.82,clear sky
456,Panjab,AF,34.388,67.0233,45.03,15,4,4.38,clear sky
457,Bom Jesus,BR,-9.0744,-44.3586,102.99,19,24,6.13,few clouds
458,Kaeo,NZ,-35.1,173.7833,54.32,93,63,11.83,broken clouds
459,Margate,GB,51.3813,1.3862,61.11,80,100,1.99,overcast clouds
460,San Cristobal,VE,7.7669,-72.225,73.58,50,91,3.8,overcast clouds
461,Charters Towers,AU,-20.1,146.2667,69.42,91,6,8.05,clear sky
462,Palmas De Monte Alto,BR,-14.2672,-43.1619,93.97,17,2,8.21,clear sky
463,Avera,US,33.194,-82.5271,68.56,34,0,5.12,clear sky
464,La Ronge,CA,55.1001,-105.2842,28.65,80,20,2.3,few clouds
465,Gold Coast,AU,-28.0,153.4333,66.99,85,34,5.75,scattered clouds
466,Leshukonskoye,RU,64.8989,45.7622,39.36,93,100,6.24,overcast clouds
467,Sulechow,PL,52.0836,15.6251,59.72,65,0,3.44,clear sky
468,Saint-Augustin,CA,51.226,-58.6502,56.95,67,81,7.85,broken clouds
469,Blantyre,MW,-15.785,35.0085,81.41,21,4,5.21,clear sky
470,Wanning,CN,18.8003,110.3967,77.2,86,100,16.64,overcast clouds
471,Plastun,RU,44.7561,136.2939,52.59,79,100,2.28,overcast clouds
472,Belaya Gora,RU,68.5333,146.4167,10.4,91,95,3.6,overcast clouds
473,Tahe,CN,52.3333,124.7333,41.65,71,95,2.59,overcast clouds
474,Mazagao,BR,-0.115,-51.2894,93.25,45,50,7.65,scattered clouds
475,Boca Do Acre,BR,-8.7522,-67.3978,84.0,79,69,4.14,broken clouds
476,Berbera,SO,10.4396,45.0143,85.84,57,2,10.02,clear sky
477,Shimoda,JP,34.6667,138.95,65.1,84,100,14.25,overcast clouds
478,Khani,GE,41.9563,42.9566,51.37,82,100,0.89,overcast clouds
479,Odweyne,SO,9.4092,45.064,79.57,34,1,14.32,clear sky
480,Arvika,SE,59.6553,12.5852,50.61,82,100,6.76,overcast clouds
481,Guarapari,BR,-20.6667,-40.4975,80.89,69,5,14.38,clear sky
482,Gizo,SB,-8.103,156.8419,82.0,76,100,8.03,overcast clouds
483,Ancud,CL,-41.8697,-73.8203,54.9,67,28,2.93,scattered clouds
484,Keuruu,FI,62.2667,24.7,48.38,94,85,6.2,overcast clouds
485,Jalapa,MX,19.5333,-96.9167,73.42,44,83,2.42,broken clouds
486,Santa Catarina De Tepehuanes,MX,25.35,-105.7333,69.28,50,3,2.98,clear sky
487,Palana,RU,59.1167,159.9667,32.43,99,100,5.57,snow
488,Shubarkuduk,KZ,49.1447,56.4872,50.99,49,100,5.86,overcast clouds
489,Marsa Matruh,EG,31.3525,27.2453,79.0,53,0,6.91,clear sky
490,Springfield,US,37.2153,-93.2982,64.89,38,1,1.99,clear sky
491,Khandbari,NP,27.3747,87.2039,64.49,83,7,3.29,clear sky
492,San Vicente,AR,-26.6167,-54.1333,70.59,71,99,5.14,overcast clouds
493,Ponta Delgada,PT,37.7333,-25.6667,75.92,78,20,11.5,few clouds
494,Victoria,HK,22.2855,114.1577,80.26,79,11,8.99,few clouds
495,Seminole,US,28.7086,-81.2081,85.37,69,0,8.05,clear sky
496,Santa Rosa,PH,14.3122,121.1114,84.18,88,97,2.08,heavy intensity rain
497,Caxito,AO,-8.5785,13.6643,84.6,58,41,11.54,scattered clouds
498,Santo Antonio Do Ica,BR,-3.1022,-67.9397,73.22,99,100,4.41,overcast clouds
499,Vao,NC,-22.6667,167.4833,69.21,65,3,13.22,clear sky
500,Valparaiso,CL,-33.0393,-71.6273,77.23,41,0,13.8,clear sky
501,Dunhua,CN,43.3725,128.2425,44.64,78,40,3.02,scattered clouds
502,Karymskoye,RU,51.6167,114.35,32.49,59,42,13.87,scattered clouds
503,Eha Amufu,NG,6.6592,7.7596,78.71,86,100,3.76,overcast clouds
504,Mitsamiouli,KM,-11.3847,43.2844,79.09,65,20,9.22,few clouds
505,Rajula,IN,21.05,71.4333,80.13,49,99,9.08,overcast clouds
506,Turukhansk,RU,65.8167,87.9833,33.31,85,100,13.82,overcast clouds
507,Solnechnyy,RU,50.7214,136.6319,41.2,87,100,0.89,overcast clouds
508,Sobolevo,RU,54.4299,31.8996,42.13,77,80,4.81,broken clouds
509,Mackenzie,CA,55.2999,-123.1698,53.82,66,0,4.61,clear sky
510,Dzhebariki-Khaya,RU,62.2167,135.8,15.53,99,100,2.21,overcast clouds
511,Gravdal,NO,68.1214,13.5031,44.49,76,40,12.66,scattered clouds
512,Luanda,AO,-8.8368,13.2343,82.4,69,40,14.97,scattered clouds
513,Zhuhai,CN,22.2769,113.5678,78.58,78,0,10.36,clear sky
514,Angoram,PG,-4.0625,144.0661,72.88,99,77,1.63,broken clouds
515,Pringsewu,ID,-5.3582,104.9744,74.46,88,90,5.73,overcast clouds
516,Tucupita,VE,9.0622,-62.051,87.48,62,82,3.89,broken clouds
517,La Primavera,CO,5.4906,-70.4092,87.3,62,78,7.0,broken clouds
518,Calvillo,MX,21.85,-102.7167,74.25,43,45,3.31,scattered clouds
519,Glendive,US,47.1053,-104.7125,50.49,56,100,5.75,overcast clouds
520,Cap Malheureux,MU,-19.9842,57.6142,72.46,65,3,7.0,clear sky
521,Ust-Nera,RU,64.5667,143.2,3.56,99,97,3.0,overcast clouds
522,Rundu,NA,-17.9333,19.7667,94.26,12,58,6.15,broken clouds
523,Hays,US,30.0502,-98.0336,79.3,55,30,3.0,scattered clouds
524,Esmeralda,CU,21.8525,-78.1169,86.36,61,89,6.62,overcast clouds
525,Ucar,AZ,40.519,47.6542,66.38,71,59,5.99,broken clouds
526,Iracoubo,GF,5.4802,-53.2011,82.92,78,41,10.87,scattered clouds
527,Nishihara,JP,26.1842,127.7558,80.26,89,100,16.11,light rain
528,Grindavik,IS,63.8424,-22.4338,44.55,65,0,17.27,clear sky
529,Wufeng,CN,27.45,104.8333,45.25,88,100,1.25,overcast clouds
530,Nazarovo,RU,56.0064,90.3914,31.26,79,15,5.84,few clouds
531,Tazovskiy,RU,67.4667,78.7,39.72,79,100,15.5,overcast clouds
532,Port Lincoln,AU,-34.7333,135.8667,54.43,64,94,7.31,overcast clouds
533,Lasa,IT,46.6166,10.7002,59.88,80,100,2.48,overcast clouds
534,Colac,AU,-38.3333,143.5833,48.83,97,26,6.4,scattered clouds
535,Mae Sai,TH,20.4335,99.8762,72.3,90,68,2.42,broken clouds
536,Isla Mujeres,MX,21.2311,-86.731,86.16,70,98,9.86,overcast clouds
537,Eger,HU,47.9026,20.3733,55.76,69,95,2.46,overcast clouds
538,Nauta,PE,-4.5061,-73.5757,82.71,89,76,2.89,broken clouds
539,Marrakesh,MA,31.6315,-8.0083,89.67,27,20,4.61,few clouds
540,Road Town,VG,18.4167,-64.6167,87.89,66,40,6.91,scattered clouds
541,Launceston,AU,-41.45,147.1667,49.8,87,30,12.66,scattered clouds
542,Chapleau,CA,47.8405,-83.4034,41.09,81,75,11.5,broken clouds
543,Panorama,GR,40.5878,23.0315,59.41,70,75,11.5,broken clouds
544,Vila Franca Do Campo,PT,37.7167,-25.4333,75.61,72,89,8.84,overcast clouds
545,Hibbing,US,47.4272,-92.9377,35.38,64,100,0.0,overcast clouds
546,Buchanan,LR,5.8808,-10.0467,80.08,77,100,8.1,overcast clouds
547,Nizhniy Tsasuchey,RU,50.5167,115.1333,34.27,50,5,17.98,clear sky
548,Port Keats,AU,-14.25,129.55,82.4,74,51,5.08,broken clouds
549,Placido De Castro,BR,-10.3353,-67.1856,92.82,48,88,3.22,overcast clouds
550,Uruzgan,AF,32.8333,66.0,60.35,11,0,1.5,clear sky
551,Shingu,JP,33.7333,135.9833,64.85,81,2,5.23,clear sky
552,Mount Gambier,AU,-37.8333,140.7667,48.6,93,68,6.64,broken clouds
553,Sapa,PH,5.1544,120.3241,81.52,82,100,1.03,overcast clouds
554,Svetlyy,RU,54.675,20.1347,55.96,77,24,6.22,few clouds
555,Guanica,PR,17.9716,-66.908,89.53,67,76,10.31,broken clouds
556,Dubai,AE,25.2582,55.3047,89.53,51,0,10.36,clear sky
557,Yinchuan,CN,38.4681,106.2731,58.78,26,100,0.92,overcast clouds
558,Grand Gaube,MU,-20.0064,57.6608,72.37,65,3,7.0,clear sky
559,Khor,RU,47.8861,134.9464,48.79,87,100,2.91,overcast clouds
560,Ayan,RU,56.45,138.1667,39.4,67,5,5.37,clear sky
561,Kaputa,ZM,-8.4689,29.6619,83.77,28,33,3.0,scattered clouds
562,Chimbote,PE,-9.0853,-78.5783,66.29,68,7,10.4,clear sky
563,Hirara,JP,24.8,125.2833,80.8,86,96,21.88,overcast clouds
564,Talant,FR,47.3369,5.0089,59.61,94,100,12.66,overcast clouds
565,Corn Island,NI,12.1694,-83.0418,82.44,74,27,6.17,scattered clouds
566,San Miniato,IT,43.6899,10.8174,73.58,63,50,5.01,scattered clouds
567,Alofi,NU,-19.0595,-169.9187,73.29,94,79,4.61,broken clouds
568,Qinzhou,CN,21.95,108.6167,70.56,44,95,6.46,overcast clouds
569,Biryusinsk,RU,55.9634,97.8235,28.47,94,68,3.91,broken clouds
570,Bhatkal,IN,13.9667,74.5667,77.95,87,97,2.37,overcast clouds
571,Karpathos,GR,35.507,27.2132,69.76,73,20,9.22,few clouds
572,Khovu-Aksy,RU,51.1333,93.6,25.43,53,0,2.8,clear sky
573,Stratonion,GR,40.5141,23.8247,60.96,51,100,8.79,overcast clouds
574,Tallahassee,US,30.4383,-84.2807,76.32,35,0,11.5,clear sky
575,Siilinjarvi,FI,63.0833,27.6667,48.22,93,75,6.91,broken clouds
576,Baherden,TM,38.4362,57.4316,69.84,37,51,3.65,broken clouds
577,Hervey Bay,AU,-25.2986,152.8535,69.03,88,74,8.01,broken clouds
578,Alice Springs,AU,-23.7,133.8833,60.35,41,40,6.91,scattered clouds
579,Newport,GB,51.5877,-2.9984,62.78,76,99,13.87,overcast clouds
580,Mattru,SL,7.6244,-11.8332,82.87,70,80,2.57,light rain
581,Arrifes,PT,37.7667,-25.7,73.65,78,20,11.5,few clouds
582,Tarauaca,BR,-8.1614,-70.7656,80.47,87,93,3.11,overcast clouds
583,Los Llanos De Aridane,ES,28.6585,-17.9182,73.15,78,40,18.41,scattered clouds
584,Catalina Foothills,US,32.2979,-110.9187,80.98,42,0,6.91,clear sky
585,Saint-Pierre,RE,-21.3393,55.4781,73.08,64,0,18.41,clear sky
586,Roura,GF,4.7263,-52.3274,89.51,62,20,12.66,few clouds
587,Eura,FI,61.1333,22.1333,51.58,94,68,5.08,broken clouds
588,Krasnokholmskiy,RU,55.9873,55.0466,45.99,90,100,7.83,light rain
589,Naze,JP,28.3667,129.4833,76.12,87,93,20.92,light rain
590,Bojnurd,IR,37.4747,57.329,67.95,40,0,18.41,clear sky
591,Ous,RU,60.9058,61.5186,41.38,88,99,3.87,overcast clouds
592,Linhai,CN,28.85,121.1167,67.93,63,98,2.89,overcast clouds
593,Nantucket,US,41.2835,-70.0995,66.34,91,100,33.8,overcast clouds
594,Longyan,CN,25.1072,117.0225,63.7,69,6,2.86,clear sky
595,Jerantut,MY,3.936,102.3626,74.48,96,95,1.1,light rain
596,Panama City,PA,8.9936,-79.5197,86.43,75,40,4.61,scattered clouds
597,Itarema,BR,-2.9248,-39.9167,88.16,53,21,20.31,few clouds
598,Buta,CD,2.7858,24.73,79.02,73,100,5.59,light rain
599,Ewa Beach,US,21.3156,-158.0072,75.4,83,0,4.61,clear sky
600,Cockburn Town,TC,21.4612,-71.1419,84.16,70,40,13.8,scattered clouds
601,Chulym,RU,55.0997,80.9572,37.67,70,86,8.5,overcast clouds
602,Point Fortin,TT,10.1833,-61.6833,88.9,70,9,5.97,clear sky
603,Tumbagaan,PH,5.3656,120.3139,80.08,84,100,1.68,overcast clouds
604,Batemans Bay,AU,-35.7167,150.1833,50.32,77,0,4.63,clear sky
605,Cabedelo,BR,-6.9811,-34.8339,86.67,62,33,16.17,scattered clouds
606,Cherrapunji,IN,25.3,91.7,59.76,95,33,3.42,scattered clouds
607,Koumac,NC,-20.5667,164.2833,69.89,72,6,7.87,clear sky
608,Jackson,US,42.4165,-122.8345,48.07,71,0,0.0,clear sky
609,Havelock,US,34.8791,-76.9013,69.78,91,100,9.22,overcast clouds
610,Banda Aceh,ID,5.5577,95.3222,79.77,78,98,12.15,overcast clouds
611,Kinchil,MX,20.9167,-89.95,83.05,54,86,8.34,overcast clouds
612,Gulu,UG,2.7746,32.299,72.25,71,96,1.03,overcast clouds
613,Lake City,US,30.1897,-82.6393,75.61,43,0,9.22,clear sky
614,Hualmay,PE,-11.0964,-77.6139,66.18,67,0,11.83,clear sky
615,Lazaro Cardenas,MX,17.9583,-102.2,82.2,81,100,3.94,light rain
616,Cabo Frio,BR,-22.8794,-42.0186,80.53,69,0,24.16,clear sky
617,Meulaboh,ID,4.1363,96.1285,77.07,86,100,5.26,moderate rain
618,Sawara,JP,35.8833,140.5,71.15,77,75,12.66,broken clouds
619,Konispol,AL,39.6589,20.1814,58.15,88,100,7.02,light rain
620,Dali,CN,25.7,100.1833,61.18,90,80,3.29,broken clouds
621,Arman,RU,59.7,150.1667,25.63,72,87,7.0,overcast clouds
622,Kargopol,RU,61.5071,38.9456,41.79,95,100,5.37,overcast clouds
623,Kirkwall,GB,58.9848,-2.9587,46.96,76,40,24.16,light intensity shower rain
624,Kota Bahru,MY,6.1333,102.2386,78.75,88,20,2.3,few clouds
625,Vanavara,RU,60.34,102.2797,28.67,85,83,3.89,broken clouds
626,Vila Velha,BR,-20.3297,-40.2925,84.15,72,20,16.11,few clouds
627,Bengbu,CN,32.9408,117.3608,61.72,63,7,4.47,clear sky
628,Touros,BR,-5.1989,-35.4608,85.68,52,6,18.7,clear sky
629,Port Macquarie,AU,-31.4333,152.9167,54.9,71,0,10.29,clear sky
630,Sao Joao Da Barra,BR,-21.6403,-41.0511,84.29,75,5,15.35,clear sky
631,Tigil,RU,57.8,158.6667,35.76,98,100,7.65,light rain
632,Mujiayingzi,CN,42.1167,118.7833,52.39,32,0,6.71,clear sky
633,Taboga,IT,46.2663,13.1092,68.88,55,100,0.78,overcast clouds
634,Bonthe,SL,7.5264,-12.505,83.35,69,73,10.16,light rain
635,Arlit,NE,18.7369,7.3853,98.31,8,4,10.45,clear sky
636,Channel-Port Aux Basques,CA,47.5702,-59.1367,54.45,90,72,13.8,broken clouds
637,Abdanan,IR,32.9926,47.4198,73.98,23,0,2.53,clear sky
638,Robertsport,LR,6.7533,-11.3686,79.86,79,98,9.78,light rain
639,Santa Comba,ES,43.0331,-8.8093,68.09,79,38,8.05,scattered clouds
640,Langham,CA,52.3668,-106.9679,38.01,26,31,2.8,scattered clouds
641,Evensk,RU,61.95,159.2333,20.32,79,92,8.66,overcast clouds
642,Marsh Harbour,BS,26.5412,-77.0636,79.23,74,100,7.25,overcast clouds
643,Grand-Santi,GF,4.25,-54.3833,90.72,50,96,4.38,overcast clouds
644,Santa Luzia,BR,-19.7697,-43.8514,87.94,46,40,11.5,scattered clouds
645,Erenhot,CN,43.6475,111.9767,47.8,26,0,3.06,clear sky
646,Gebre Guracha,ET,9.8,38.4,55.53,78,33,0.85,light rain
647,Iskateley,RU,67.6803,53.1512,39.11,80,100,11.45,overcast clouds
648,Mwene-Ditu,CD,-7.0,23.45,82.26,35,92,3.24,overcast clouds
649,Sicamous,CA,50.8331,-118.9856,38.37,59,76,0.6,broken clouds
650,Pachino,IT,36.7186,15.0907,74.5,56,50,9.62,scattered clouds
651,Cozumel,MX,20.5083,-86.9458,86.95,83,100,7.96,overcast clouds
652,Darhan,MN,49.4867,105.9228,31.93,65,15,2.28,few clouds
653,Assiniboia,CA,49.6334,-105.9845,40.82,33,15,6.91,few clouds
654,Daitari,IN,21.1,85.75,73.13,90,10,2.51,clear sky
655,Harper,LR,4.375,-7.7169,79.3,81,61,10.04,light rain
656,Srandakan,ID,-7.9386,110.2506,76.68,87,100,6.06,overcast clouds
657,Mancio Lima,BR,-7.6142,-72.8958,87.87,66,40,9.22,scattered clouds
658,Gondar,ET,12.6,37.4667,58.86,85,54,4.9,light rain
659,Sisimiut,GL,66.9395,-53.6735,26.24,75,99,12.84,overcast clouds
660,Feltre,IT,46.0235,11.907,67.51,75,100,2.24,overcast clouds
661,Salinas,US,36.6777,-121.6555,55.08,100,100,5.75,mist
662,Baykit,RU,61.67,96.37,33.55,71,89,3.98,overcast clouds
663,Novosheshminsk,RU,55.0651,51.2338,41.95,90,100,10.2,light rain
664,Aleksandrov Gay,RU,50.147,48.5704,51.26,65,98,5.73,overcast clouds
665,Thunder Bay,CA,48.4001,-89.3168,35.58,93,100,3.44,overcast clouds
666,Bani Walid,LY,31.7566,13.9942,78.17,45,4,18.61,clear sky
667,Lichinga,MZ,-13.3128,35.2406,77.09,29,0,15.01,smoke
668,Mayumba,GA,-3.432,10.6554,78.91,83,89,9.22,overcast clouds
669,Zhengjiatun,CN,43.5064,123.5064,51.64,81,0,11.12,clear sky
670,Muzhi,RU,65.3667,64.6667,40.91,90,98,3.53,overcast clouds
671,Verkh-Usugli,RU,52.7,115.1667,29.19,52,16,9.64,few clouds
672,Saint-Sauveur-Des-Monts,CA,45.9001,-74.1659,55.62,91,56,3.2,broken clouds
673,Porbandar,IN,21.6422,69.6093,83.98,52,31,9.19,scattered clouds
674,Kenai,US,60.5544,-151.2583,36.14,75,100,11.5,overcast clouds
675,La Grande,US,45.3246,-118.0877,59.76,35,9,0.83,clear sky
676,Tottori,JP,35.5,134.2333,60.53,89,46,3.69,scattered clouds
677,Taoudenni,ML,22.6783,-3.9836,104.16,6,81,9.46,broken clouds
678,Veraval,IN,20.9,70.3667,82.35,59,49,5.44,scattered clouds
679,Werda,BW,-25.2667,23.2833,91.2,11,76,2.84,broken clouds
680,Roebourne,AU,-20.7833,117.1333,72.01,41,2,8.99,light rain
681,Impfondo,CG,1.6381,18.0667,79.95,72,68,3.06,broken clouds
682,Eirunepe,BR,-6.6603,-69.8736,81.19,86,92,2.08,overcast clouds
683,Tlamacazapa,MX,18.5167,-99.5,59.47,73,66,2.53,light rain
684,Rio Grande,BR,-32.035,-52.0986,62.71,55,14,15.35,few clouds
685,Bintulu,MY,3.1667,113.0333,77.41,100,20,0.0,few clouds
686,Pusad,IN,19.9,77.5833,73.72,88,15,4.7,moderate rain
687,Andenes,NO,69.3143,16.1194,42.93,81,20,9.22,few clouds
688,Beisfjord,NO,68.3751,17.5988,42.04,75,52,8.34,broken clouds
689,Omboue,GA,-1.5746,9.2618,77.47,89,100,9.22,overcast clouds
690,Kedrovyy,RU,56.1667,91.8167,32.41,80,83,3.31,broken clouds
691,Catuday,PH,16.2923,119.8062,80.22,81,88,7.47,overcast clouds
